VI,EN
Chính trong một trận động đất lớn đã phá hủy Tokyo.,it was in the s that a big earthquake destroyed tokyo .
Bạn có thể đưa cho tôi tờ báo trên bàn không?,could you hand me the newspaper on the table ?
Tôi phải làm tốt nhất căn phòng nhỏ đó.,i have to make the best of that small room .
Một người chú là anh trai của một trong những cha mẹ của bạn.,an uncle is the brother of one of your parents .
Anh ta mất gần như tất cả những con tem anh ta đã thu thập được.,he lost almost all the stamps he had collected .
Tôi phải thừa nhận rằng tôi chưa bao giờ nghĩ về điều đó.,i have to admit i never thought of that .
Mọi người thường cười anh ấy sau lưng anh ấy.,people used to laugh at him behind his back .
"Vợ anh bây giờ đã phải chăm sóc ông của mình, chưa kể đến hai đứa con của họ.","his wife now had to take care of his grandfather , not to mention their two children ."
Anh sẽ sớm chết hơn là dậy sớm mỗi sáng.,he would sooner die than get up early every morning .
"Một cô gái đang chạy, với mái tóc của cô ấy trong gió.","a girl came running , with her hair streaming in the wind ."
Thật khó để cô ấy kìm nén cảm xúc của mình.,it was very hard for her to suppress her emotions .
Sức mạnh của vóc dáng của anh ấy là hiển nhiên cho tất cả những ai nhìn anh ấy.,the power of his physique is evident to all who look at him .
Tôi nghĩ chắc chắn bạn sẽ ở lại Nhật Bản mãi mãi.,i thought for sure you would stay in japan forever .
Tôi đã viết một lá thư dài hơn nếu tôi có nhiều thời gian hơn.,i would have written a longer letter if i would had more time .
"Nếu tôi nói với cô ấy sự thật, cô ấy sẽ không bao giờ tha thứ cho tôi.","if i tell her the truth , she will never forgive me ."
"Giữa bạn và tôi, ý tưởng của Tom không hấp dẫn tôi nhiều.","between you and me , tom s idea does not appeal to me very much ."
"Nếu bạn không phải là một phần của giải pháp, bạn là một phần của vấn đề.","if you are not part of the solution , you are part of the problem ."
Tom hỏi Mary rằng cô có kế hoạch bơi hay không.,tom asked mary whether she planned to swim or not .
Tôi đã làm mọi thứ có thể để trở thành bạn của bạn.,i did everything i could to be your friend .
"Sau khi đi bộ khoảng một giờ, chúng tôi đã đến hồ.","after walking for about an hour , we got to the lake ."
Tôi biết bạn đã có nhiều điều quan trọng hơn để suy nghĩ.,i know you have got more important things to think about .
Bạn có nghĩ rằng sinh viên được cho đủ thời gian để ăn trưa?,do you think students are given enough time to eat lunch ?
Bạn hứa sẽ không thô lỗ với tôi nữa.,you promised not to be rude to me anymore .
Bạn có phiền nếu tôi cởi áo len của tôi không?,do you mind if i take off my sweater ?
Nhật Bản đóng một vai trò quan trọng trong nền kinh tế thế giới.,japan plays a key role in the world economy .
Tôi không thể không nghĩ rằng cha tôi vẫn còn sống.,i cannot help thinking my father is still alive .
Bạn có tin rằng số phận của chúng ta được kiểm soát bởi các ngôi sao?,do you believe our destinies are controlled by the stars ?
Các nhóm hoạt động cho môi trường và câu hỏi về an toàn thực phẩm về sự an toàn của sản phẩm.,activist groups for the environment and food safety question the product s safety .
Tôi có thể đi đâu để mua sách nghệ thuật và danh mục?,where can i go to buy art books and catalogs ?
Cô ấy đồng ý với anh ấy rằng tôi nên đến cuộc họp.,she agreed with him that i should go to the meeting .
Khán giả khó có thể chờ đợi buổi hòa nhạc bắt đầu.,the audience could hardly wait for the concert to begin .
Các diễn viên và chính trị gia không bao giờ bỏ qua một bức ảnh op.,actors and politicians never pass up a photo op .
Chúng tôi dự định đi xa nhất có thể.,we plan to go as far as we can .
Tôi ước họ sẽ trung thực và thừa nhận họ không biết điều đó sẽ xảy ra.,i wish they would be honest and admit they do not know that is going to happen .
Cả ba anh em của tôi hiện đang ở đâu đó ở Boston.,all three of my brothers are now somewhere in boston .
Tôi nghĩ rằng đã đến lúc tôi từ bỏ kế hoạch đó.,i think it is time for me to abandon that plan .
Tôi sẽ không muốn bạn có ấn tượng sai về tôi.,i would not want you to get the wrong impression about me .
Không dễ để đến bằng dưa hấu vào thời điểm này trong năm.,it is not easy to come by watermelons at this time of year .
Tất cả các thành viên đã không có mặt tại cuộc họp ngày hôm qua.,all the members were not present at the meeting yesterday .
Tòa án đã lên án người đàn ông đến chết vì tiêm chết người.,the court condemned the man to death by lethal injection .
Vấn đề đầu tiên mà chúng ta phải đối đầu là chủ nghĩa cực đoan bạo lực dưới mọi hình thức của nó.,the first issue that we have to confront is violent extremism in all of its forms .
Vẫn còn sớm .Tất cả chúng ta nên thư giãn một chút.,it is still early . we should all just chill for a bit .
"Tôi muốn giúp đỡ, nhưng tôi không thể làm gì cả.","i wanted to help , but i could not do anything ."
Tôi đã làm mọi thứ có thể để giúp Tom tìm việc làm.,i did everything i could to help tom find a job .
Tôi không thích nó khi bạn mang công việc về nhà.,i do not like it when you bring work home .
Tôi yêu cầu mẹ tôi thức dậy lúc bốn tuổi.,i asked my mother to wake me up at four .
Chúng tôi sẽ sử dụng ngôi nhà làm tài sản thế chấp để chúng tôi có thể vay một số tiền.,we will use the house as collateral so we can borrow some money .
Tôi không đủ khả năng để mua sắm tại một cửa hàng đắt tiền như vậy.,i cannot afford to shop at such an expensive store .
Giữ một mắt trên vali của tôi trong khi tôi mua vé.,keep an eye on my suitcase while i buy the tickets .
"Tôi xin lỗi đã làm phiền bạn, nhưng có một cuộc gọi điện thoại cho bạn.","i am sorry to disturb you , but there s a phone call for you ."
"Trước khi chúng tôi bắt đầu, một số nhận xét sơ bộ là theo thứ tự.","before we begin , a number of preliminary remarks are in order ."
Tôi đã đến Ý lần thứ hai.,i went to italy for the second time in .
"Tôi nghe thấy một cửa hàng kẹo bông vừa mở.Hãy đi, anh chàng.","i heard a cotton candy shop has just opened . let s go , dudes ."
Tôi đã mua cuốn tiểu thuyết mà bộ phim dựa trên.,i bought the novel on which the film is based .
"Tôi đề nghị chúng ta chỉ ăn một chút bây giờ, và sau đó đi ra ngoài sau.","i suggest we eat just a little now , and then go out later ."
"Nếu bạn muốn một cái gì đó được thực hiện đúng, đôi khi bạn chỉ cần tự làm điều đó.","if you want something done right , sometimes you have just gotta do it yourself ."
Hiện tại tôi không muốn từ chức công việc của mình.,i do not want to resign my job at present .
Tôi hy vọng tôi đã cho bạn đủ tiền để mua mọi thứ bạn cần.,i hope i gave you enough money to buy everything you needed .
"Cuối cùng, tôi đã quyết định và mua trò chơi video mới.","finally , i made up my mind and bought the new video game ."
Chúng tôi có một sinh viên mới tham gia lớp học của chúng tôi ngày hôm nay.,we have a new student joining our class today .
Nó sẽ làm bạn tốt để có một kỳ nghỉ.,it will do you good to have a holiday .
Tôi đảm bảo với bạn điều này là về nhiều hơn tiền.,i assure you this is about much more than money .
Mọi người đều phạm sai lầm.Đó là lý do tại sao họ đặt Erasers lên bút chì.,everybody makes mistakes . that is why they put erasers on pencils .
"Trong hai hoặc ba năm này, anh ta đã có được một lượng lớn tài sản.","in these two or three years , he acquired a large amount of wealth ."
Tôi đã mất một trong những chàng trai của tôi trong cuộc chiến.,i lost one of my boys in the war .
Thủ tướng rơi vào sông Danube và chết đuối.,the prime minister fell into the danube and drowned .
Tôi không làm điều đó thường xuyên như tôi muốn.,i do not do that as often as i would like to .
Hình ảnh của tôi ở mọi đồn cảnh sát trong nước.,my picture s in every police station in the country .
Tôi nghĩ rằng trời sẽ sớm mưa.Tôi cũng vậy .,i think it is going to rain soon . me too .
Anh sớm trở nên mệt mỏi với một điều bất kể anh thích nó bắt đầu đến mức nào.,he soon grows tired of a thing regardless of how much he liked it to begin with .
"Tôi chạy nhanh nhất có thể, nhưng tôi đã bỏ lỡ xe buýt.","i ran as fast as i could , but i missed the bus ."
Tôi không biết tôi sẽ làm gì với bạn.,i do not know what i am going to do with you .
Họ không biết họ nên làm gì với tiền.,they do not know what they should do with the money .
"Sử dụng đèn pin, cảnh sát báo hiệu chiếc xe dừng lại.","using a flashlight , the policeman signaled the car to stop ."
Cô lướt qua sổ đăng ký để xem tên của cô có ở trong đó không.,she skimmed through the register to see if her name was in it .
Chúng tôi không thể rời Tom ở đây.Anh ta sẽ không tự mình sống sót.,we cannot leave tom here . he will not survive on his own .
Kho báu được cho là nằm ẩn ở đâu đó trên núi.,the treasure is believed to lie hidden somewhere in the mountain .
Thật dễ dàng cho tôi để trả lời câu hỏi.,it is easy for me to answer the question .
Đây là cây bút chì mà cô ấy đã từng viết nó.,this is the pencil that she used to write it .
Để S đỗ xe ở đây và đi bộ phần còn lại của con đường.,let s park the car here and walk the rest of the way .
nhanh lên .Tàu rời đi trong mười phút.Chúng tôi không muốn bỏ lỡ nó.,hurry up . the train leaves in ten minutes . we do not want to miss it .
"Phải mất hơn một tháng để vượt qua cảm lạnh của tôi, nhưng bây giờ tôi vẫn ổn.","it took more than a month to get over my cold , but i am ok now ."
"Tôi có thể đọc tiếng Anh, nhưng tôi không thể nói nó.","i can read english , but i cannot speak it ."
"Một số hoa hồng trong vườn của tôi có màu trắng, và những người khác có màu đỏ.","some of the roses in my garden are white , and the others are red ."
Tôi nên đi hay bạn muốn tôi ở lại?,should i go or would you like me to stay ?
Cô vẫy cả hai tay để anh có thể tìm thấy cô.,she waved both her hands so that he could find her .
"Hợp đồng nằm trong túi, vì vậy hãy đi ra ngoài và ăn mừng.","the contract is in the bag , so let s go out and celebrate ."
Anh trai tôi bị đe dọa bởi một người nào đó vẫy súng.,my brother was threatened by someone waving a gun .
Anh chàng trong ảnh là ai?tôi không biết anh ấy là ai .,who is the guy in the picture ? i do not know who he is .
Anh ta bị cướp tiền trên đường phố.,he was robbed of his money on the street .
"Khi nào bạn sẽ rửa xe?Thỉnh thoảng tuần này, tôi nghĩ.","when will you wash your car ? sometime this week , i think ."
"Nếu tôi là bạn, tôi sẽ tránh xa điều đó.","if i were you , i would stay away from that ."
Không ai sẽ nói với Tom và Mary rằng họ không thể làm điều đó.,nobody is going to tell tom and mary that they cannot do that .
Tom đã tự mình tiến hành một cách duyên dáng và trang nghiêm trong khi ra tòa.,tom conducted himself in a gracious and dignified manner during his court appearance .
Bạn nên đến nha sĩ để rút răng ra.,you had better go to the dentist to have that tooth pulled out .
Có vẻ như anh ta tin những gì anh ta nói là đúng.,it seems that he believes what he said is right .
"Thay vì cắt giảm thuốc lá, tại sao bạn không từ bỏ chúng?","instead of cutting down on cigarettes , why do not you just give them up ?"
Tom rất đau lòng khi Mary nói với anh rằng cô sẽ rời xa anh.,tom was heartbroken when mary told him she was leaving him .
Tôi cần biết mọi thứ mà bạn biết về Tom.,i need to know everything that you know about tom .
Tôi đã không cảm thấy điều này hạnh phúc trong một thời gian dài.,i have not felt this happy in a long time .
Tom nổi giận với Mary vì cô đến muộn.,tom got mad at mary because she was late .
Cô ấy đánh vào đầu tôi bằng một cái búa.,she hit me on the head with a hammer .
Chúng tôi dường như tiếp tục vật lộn với cùng một vấn đề cũ.,we seem to keep grappling with the same old problem .
"Tôi nhớ khuôn mặt của bạn, nhưng tôi không nhớ tên của bạn.","i remember your face , but i do not remember your name ."
"Những chú hổ thua trò chơi, đó là một bất ngờ đối với chúng tôi.","the tigers lost the game , which was a surprise to us ."
Vợ tôi đang tắm cho em bé cho người bạn thân nhất của cô ấy.,my wife is throwing a baby shower for her best friend .
Tôi ước tôi có thể sống trong một ngôi nhà như thế này.,i wish i could live in a house like this .
Chúng ta phải ngăn chặn một cuộc chiến bằng tất cả các phương tiện có thể.,we must prevent a war by all possible means .
Quyết định liệu tôi có nên thấy cô ấy là của tôi một mình.,the decision whether i should see her is mine alone .
Tôi gần như quên nói với bạn những tin tức lớn.,i almost forgot to tell you the big news .
Việc giao hàng đã bị trì hoãn do bão.,the delivery of the goods was delayed due to the storm .
"Lựu đạn đã thổi lên trước khi kẻ khủng bố có thể ném nó, và cánh tay của anh ta bị thổi bay!","the grenade blew up before the terrorist could throw it , and his arm was blown off !"
Cô không thể thuyết phục anh viết một bài hát cho cô.,she could not convince him to write a song for her .
Cô vẫy tay cho đến khi tàu khuất khỏi tầm mắt.,she waved her hand until the train was out of sight .
Tom nói với Mary rằng cô ấy đã trang trí Giáng sinh quá sớm.,tom told mary she put up her christmas decorations too early .
Tom không muốn kết hôn cho đến khi anh ấy ở tuổi ba mươi.,tom does not want to get married until he is in his thirties .
"Chú tôi, sống ở Osaka, đã đến thăm chúng tôi ngày hôm qua.","my uncle , who lives in osaka , visited us yesterday ."
Cô ấy có một thói quen xấu là nói chuyện lâu dài trên điện thoại.,she has a bad habit of talking a long time on the phone .
Tôi nghĩ rằng bạn và tôi có lẽ nên có thể hòa thuận tốt hơn.,i think that you and i should probably be able to get along better .
Rắc rối với bạn là bạn nói quá nhiều.,the trouble with you is that you talk too much .
"Anh ta hầu như không có tiền, nhưng anh ta nhận được.","he has hardly any money , but he gets by ."
Tôi chưa bao giờ nhìn thấy một con hươu cao cổ cho đến khi tôi đến thăm sở thú.,i had never seen a giraffe till i visited the zoo .
Tôi có nên đợi bạn vào ngày mai trước nhà hát opera không?,should i wait for you tomorrow in front of the opera house ?
Tom không được phép nói với Mary tất cả những gì anh biết.,tom was not allowed to tell mary everything he knew .
Tôi nắm lấy tay em gái tôi và bắt đầu chạy.,i grabbed my little sister s hand and started running .
Tom dừng lại ở nhà thuốc để mua một số thuốc.,tom stopped by the drugstore to buy some medicine .
Tôi muốn hỏi bạn về một sinh viên của bạn.,i would like to ask you about a student of yours .
"Ngay bây giờ, chúng tôi có quả việt quất, quả mâm xôi, anh đào, dâu tây, đào và mật hoa.","right now , we have blueberries , blackberries , cherries , strawberries , peaches and nectarines ."
Mưa ngăn chúng tôi hoàn thành trò chơi quần vợt của chúng tôi.,the rain prevented us from finishing our game of tennis .
Tôi cảm thấy như mọi người đang nói về tôi sau lưng.,i feel like everyone is talking about me behind my back .
"Bên ngoài trời rất nóng, bạn có thể chiên một quả trứng.","it is so hot outside , you could fry an egg ."
Hãy nhớ tắt đèn trước khi đi ngủ.,please remember to turn off the light before going to bed .
tôi không thể làm nó một mình .Bạn phải giúp tôi.,i cannot do it alone . you have to help me .
Tôi không thích các môn thể thao như quần vợt và golf.,i do not like such sports as tennis and golf .
"Khi tôi bằng tuổi của bạn, tôi đi bộ đến trường mỗi ngày.","when i was your age , i walked to school every day ."
Phố chính đã bị chặn cả buổi sáng cho cuộc diễu hành.,main street was blocked off all morning for the parade .
"Chiếc xe của cô ấy có thể dễ chịu hơn khi lái xe, nhưng nó cũng tốn nhiều tiền hơn cho việc bảo trì.","her car might be more pleasant to drive , but it also costs her more for maintenance ."
Hiệu trưởng bắt tay với mỗi sinh viên tốt nghiệp.,the principal shook hands with each of the graduates .
"Tôi không thể có được ai đi cùng tôi, và vì vậy tôi đã tự mình đi một mình.","i could not get anybody to go with me , and so i went by myself ."
"Sau khi yêu cầu chìa khóa của tôi ở quầy lễ tân, tôi đi thang máy xuống sàn nhà.","after asking for my key at the front desk , i took the elevator to my floor ."
Ông làm việc cho một tờ báo lớn với một lưu thông rất lớn.,he works for a big newspaper with a very large circulation .
Tôi chưa thu thập đủ tài liệu để viết một cuốn sách.,i have not yet collected sufficient materials to write a book .
Tôi nghĩ rằng tôi sẽ đi nghỉ trong tuần này.,i think i will take a vacation this week .
Bạn có muốn dành phần còn lại của cuộc đời mình một mình?,do you want to spend the rest of your life alone ?
Sự sụp đổ của bức tường Berlin thực sự là một dịp trọng đại.,the falling of the berlin wall was truly a momentous occasion .
"Người phục vụ đã cho tôi cà phê, mặc dù tôi sẽ gọi trà.","the waitress gave me coffee , even though i would ordered tea ."
"Nếu tôi tạo một ví dụ, bạn sẽ sửa nó cho tôi chứ?","if i create an example , will you correct it for me ?"
Tôi thực sự cảm thấy như chúng ta đang ở trên cùng một bước sóng.,i really feel like we are on the same wavelength .
"Nếu vì một số lý do sẽ xảy ra, bạn sẽ làm gì?","if for some reason that should happen , what would you do ?"
Tom là kiểu người luôn phải có từ cuối cùng.,tom is the kind of person who always has to have the last word .
"Khi tôi ho hai lần, đó là gợi ý của bạn vào phòng.","when i cough twice , that is your cue to come into the room ."
Tôi chỉ không muốn may mắn của chúng tôi hết.,i just do not want our luck to run out .
Tôi cần một số hộp các tông để đóng gói tài sản của tôi.,i need some cardboard boxes to pack my possessions .
"Nó có vẻ như là một ý tưởng tốt cho bạn, nhưng tôi nghĩ nó hơi nguy hiểm.","it may seem like a good idea to you , but i think it is a little dangerous ."
Mỗi đứa trẻ học đã chơi móc nối lúc này hay lúc khác.,every school kid has played hooky at one time or another .
"Hồ Titicaca, hồ lớn nhất ở Nam Mỹ, là ở Peru.","lake titicaca , the biggest lake in south america , is in peru ."
"Một trong những cặp song sinh còn sống, nhưng người kia đã chết.","one of the twins is alive , but the other is dead ."
Bạn có nghĩ rằng ao bị đóng băng đủ cứng để trượt băng?,do you think the pond is frozen hard enough to skate on ?
"Chúng tôi đang tin tưởng vào bạn để đánh thức chúng tôi kịp thời, vì vậy đừng ngủ.","we are counting on you to wake us up in time , so do not fall asleep ."
Gần đây bạn đã trải qua sự đánh trống ngực hoặc cảm thấy như trái tim của bạn đang chạy đua?,have you recently experienced palpitations or felt like your heart was racing ?
Chúng tôi không thể bắt đầu cuộc họp cho đến khi chúng tôi có một đại biểu.,we cannot begin the meeting until we have a quorum .
"Ban đầu, con người gần giống như các động vật khác.","in the beginning , man was almost the same as the other animals ."
"Tôi có thể đã làm rất tốt trong bài kiểm tra ngày hôm qua, nhưng tôi chưa biết kết quả.","i might have done well on yesterday s test , but i do not know the results yet ."
Tôi nghĩ rằng tôi cần một thức uống cứng.làm cho hai điều đó.,i think i need a stiff drink . make that two .
Có lẽ chúng ta nên xem xét những gì sẽ xảy ra nếu chúng ta không làm điều này.,perhaps we should consider what would happen if we do not do this .
Gần như lần duy nhất một người đàn ông béo mất bình tĩnh là khi anh ta bị tước thức ăn.,almost the only time a fat man loses his temper is when he has been deprived of his food .
Tôi có một cuộc hẹn mà tôi không muốn bị trễ.,i have an appointment i do not want to be late for .
Mỗi chiếc xe đi qua ném lên một đám mây bụi.,each passing car threw up a cloud of dust .
Tôi nghĩ bạn đã nói rằng bạn không thích làm điều đó.,i thought you said you did not like to do that .
Tôi đã bắt được một con cá lớn ngày hôm qua với đôi tay trần của tôi.,i caught a big fish yesterday with my bare hands .
Bạn có thể cho tôi biết bạn đang cố gắng làm gì?,can you tell me what you are trying to do ?
Tôi có thể lấy bao nhiêu cuốn sách cùng một lúc?,how many books can i take out at one time ?
Anh ta đánh bạc trong cuộc chiến sắp kết thúc.,he gambled on the war coming to an early end .
Kết hôn với bạn là sai lầm lớn nhất trong cuộc đời tôi.,marrying you was the biggest mistake of my life .
Tôi đã cho rằng bạn đã đứng về phía chúng tôi.,i took it for granted that you were on our side .
Tom cao hơn nhiều so với tôi khi chúng tôi học tiểu học.,tom was much taller than i was when we were in elementary school .
Đó là một thời gian dài kể từ khi tôi thấy gia đình mình.,it is been a long time since i have seen my family .
Những đứa trẻ rất ồn ào đến nỗi tôi không thể học.,the children were so noisy that i could not study .
"Khi tôi nhìn thấy Tom ngày hôm qua, anh ấy đã đội một chiếc mũ cao bồi.","when i saw tom yesterday , he was wearing a cowboy hat ."
Tom là người duy nhất trong văn phòng có thể nói tiếng Pháp.,tom is the only person in the office who can speak french .
Tôi không nghĩ bất kỳ ai trong chúng ta đều hài lòng về những gì đã xảy ra.,i do not think any of us are happy about what happened .
Tôi không thích ăn kem vào mùa đông.,i do not like eating ice cream in the winter .
"Tôi có thể nói với bạn rằng tôi yêu bạn, nhưng tôi sẽ nói dối.","i could tell you that i love you , but i would be lying ."
Một nhóm các nhà khoa học đã ở trên tàu với họ.,a party of scientists were on board with them .
Chúng tôi sẽ tiếp tục làm điều này cho đến khi ai đó nói với chúng tôi rằng chúng tôi không thể.,we are going to keep doing this until someone tells us that we cannot .
Tôi xé một cái lỗ trong quần jean khi tôi ngã khỏi xe đạp.,i tore a hole in my jeans when i fell off my bike .
Bạn không nghĩ rằng Tom trông giống như một ông già?,do not you think that tom looks like an old man ?
Tôi thích các bộ phim Terminator vì các hiệu ứng đặc biệt là tuyệt vời.,i like the terminator films because the special effects are fantastic .
"Anh ta rất cao và gầy, với cánh tay và chân dài.","he was very tall and thin , with long arms and legs ."
Tom thắp nến trên bàn.,tom lit the candle that was on the table .
Thật khó để cảm thấy như ở nhà trong một ngôn ngữ nước ngoài.,it is difficult to feel at home in a foreign language .
Tôi có một số điều tôi muốn nói chuyện với bạn.,i have several things i would like to talk to you about .
Bánh đó có vẻ tốt.Cho tôi một mảnh nhỏ.,that cake looks good too . give me a small piece .
Có thể có một rò rỉ khí trong nhà của chúng tôi.,there might be a gas leak in our house .
Anh ấy đã làm hết sức mình để kịp thời cho tàu.,he did his best to be in time for the train .
Tôi có một ý tưởng sơ bộ những gì cần phải làm.,i have a rough idea what needs to be done .
Anh ấy chắc chắn sẽ ngửi thấy một con chuột nếu tôi ở bên bạn.,he will be sure to smell a rat if i am with you .
Đó là một trong những cuốn sách hay nhất tôi đã đọc trong nhiều năm.,it is one of the best books i have read in years .
Giọng cô khó có thể nghe thấy tiếng ồn.,her voice could hardly be heard over the noise .
"Bạn có thể nói dối với mọi người khác, nhưng bạn không thể nói dối chính mình.","you can lie to everyone else , but you cannot lie to yourself ."
"Mặc dù trời ngừng mưa, gió vẫn thổi mạnh.","though it stopped raining , the wind was still blowing hard ."
Tom đã đọc nhiều sách hơn tôi có.,tom has read a lot more books than i have .
"Nếu kế hoạch này không hoạt động, chúng tôi sẽ phải thử một cái gì đó khác.","if this plan does not work , we will have to try something else ."
Tôi phải đi bộ đó vì xe của tôi bị hỏng.,i had to walk there because my car broke down .
Có gấp đôi số ứng viên đại học như trong.,there were twice as many university applicants in as in .
Tom vô tình tự bắn vào chân mình trong khi làm sạch súng.,tom accidentally shot himself in the foot while cleaning his gun .
Tôi không thể không cảm thấy như tôi đã quên một cái gì đó.,i cannot help but feel like i have forgotten something .
Có ba người đàn ông ở phòng tiếp theo đang chờ bạn.,there are three men in the next room waiting for you .
Tôi không phải là điều đáng trách hơn bạn.,i am not any more to blame than you are .
Tôi không muốn bị hói khi tôi vẫn còn trẻ.,i do not want to go bald when i am still young .
Tôi muốn nói chuyện với bạn về những gì đã xảy ra ở trường ngày hôm qua.,i would like to talk to you about what happened at school yesterday .
"Nếu tôi là bạn, tôi sẽ không dựng lều của tôi ở đó.","if i were you , i would not pitch my tent there ."
"Tôi đã cố gắng cho cô ấy một số tiền, nhưng cô ấy sẽ không lấy bất kỳ.","i tried to give her some money , but she would not take any ."
"Vì tôi là tất cả một mình, tôi cảm thấy hơi cô đơn.","since i was all by myself , i felt a bit lonely ."
"Theo tờ giấy, có một trận động đất ở Peru.","according to the paper , there was an earthquake in peru ."
Tôi nghĩ rằng đã đến lúc tôi phải xem xét lại cách tôi đã sống.,i think it is time for me to reconsider how i have been living .
Chính phủ đang cố gắng đưa mọi thứ trở lại bình thường.,the government is trying to bring things back to normal .
Chúng tôi không có ý đó để nó xảy ra theo cách đó.,we did not mean for it to happen that way .
Cậu bé nhấc chiếc hộp nặng bằng một tay.,the boy lifted the heavy box with one hand .
Bạn sẽ ngủ khi cha bạn về nhà.,you will be asleep by the time your father gets home .
Có một lần tôi không thể tin tưởng người khác.,there was once a time when i could not trust others .
"Tôi có thể hiểu một vài câu đầu tiên, nhưng phần còn lại của bài phát biểu của anh ấy là tiếng Hy Lạp đối với tôi.","i could understand the first few sentences , but the rest of his speech was all greek to me ."
Tiêu thụ rượu cao hơn ở Đông Âu so với Tây Âu.,alcohol consumption is higher in eastern europe than in western europe .
Tất cả việc mua xung này sẽ khiến bạn phải chịu nợ.,all this impulse buying is going to leave you saddled with debt .
Tôi cần lặp lại nó bao nhiêu lần?,how many times do i need to repeat it ?
Cô ấy sẽ viết một cuốn sách khác một trong những ngày này.,she will write another book one of these days .
Có thực sự có thể thực hiện ghép não?,is it really possible to do a brain transplant ?
Bố mẹ tôi đã gửi tôi đến trại béo khi tôi mười ba tuổi.,my parents sent me to fat camp when i was thirteen .
Anh đến Hoa Kỳ khi còn là một cậu bé đến từ Scotland.,he came to the united states as a boy from scotland .
Một tấm đá nặng đã được hạ xuống trên ngôi mộ.,a heavy stone slab was lowered over the grave .
Tôi có thể đi bộ từ nhà đến nhà ga chỉ trong năm phút.,i can walk from my house to the station in only five minutes .
Bạn nên dự trữ nguồn cung cấp cần thiết trong trường hợp một trận động đất lớn.,you should stockpile necessary supplies in case of a big earthquake .
Bạn sẽ không thể dậy sớm như vậy.,you will not be able to get up so early .
Cô ấy bằng tuổi với chị gái tôi.,she is about the same age as my older sister .
Hãy để S lật qua các kênh để xem đó là trên TV.,let s flip through the channels to see that is on tv .
Ông trở thành chủ tịch công ty khi ông ba mươi.,he became the company president when he was thirty .
Mẹ tôi đã làm cho tôi những gì tôi có ngày hôm nay.,my mother has made me what i am today .
Không bị ru ngủ vào một cảm giác an toàn sai lầm.,do not be lulled into a false sense of security .
"Một lần trong đời, tôi muốn làm điều đúng đắn.","for once in my life , i want to do the right thing ."
Tôi yêu âm thanh của mưa trên mái nhà.,i love the sound of rain on the roof .
"Một cuốn sách hay là những người bạn tốt nhất, giống nhau ngày hôm nay và mãi mãi.","a good book is the best of friends , the same today and forever ."
"Nhân tiện, tôi phải nói với bạn điều gì đó.","by the way , i have got to tell you something ."
Anh trai của anh ấy đã là một tài xế xe tải trong ba mươi năm.,his brother had been a truck driver for thirty years .
Chúng tôi hy vọng rằng bạn sẽ có thể tham gia cùng chúng tôi tại hội thảo này.,we hope that you will be able to join us at this seminar .
Con gái tôi đã nhận được tất cả các cuộc hẹn hò đầu tiên.,my daughter s getting all gussied up for her first date .
"Có một cuốn sách trên ghế?có, có .","is there a book on the chair ? yes , there is ."
"Giả sử bạn có mười triệu yên, bạn sẽ làm gì?","suppose you had ten million yen , what would you do ?"
"Bất cứ điều gì xảy ra, tôi sẽ tuân thủ các nguyên tắc của mình vào đầu cay đắng.","whatever happens , i will stick to my principles to the bitter end ."
Anh ta tiếp tục chuyển trọng lượng của mình từ chân này sang chân khác.,he kept shifting his weight from one foot to the other .
"Người Nhật đã tấn công Trân Châu Cảng vào tháng 12,.","the japanese attacked pearl harbor on december , ."
Họ đã xây dựng đế chế của họ ở Peru khoảng năm trăm năm trước.,they built their empire in peru about five hundred years ago .
Tay cô ấy đang chăm sóc em bé đầy đủ.,her hands are full taking care of the baby .
Giáo viên của tôi cảnh báo tôi đừng làm điều đó một lần nữa.,my teacher warned me not to do it again .
"Các khách hàng đã cho anh ta những cái nhìn thoáng qua, sau đó trở lại với các cuộc trò chuyện của họ.","the customers gave him fleeting glances , then returned to their conversations ."
"Bạn thích loại chất khử mùi nào, phun hoặc lăn?","what kind of deodorant do you prefer , spray or roll on ?"
Bạn có thể cho tôi biết làm thế nào bạn phát hiện ra rằng Tom không ở trường hôm nay?,can you tell me how you found out that tom was not at school today ?
"Nhờ cuốn sách này, tôi đã học được một số sự thật thú vị về loài côn trùng này.","thanks to this book , i learned some interesting facts about this insect ."
Tôi rất vui khi thấy rằng bạn đang học tập chăm chỉ hơn trước đây.,i am glad to see that you are studying harder than you used to .
tôi hỏi bạn một câu hỏi . tôi không nghe thấy bạn .,i asked you a question . i did not hear you .
Bạn có thể vui lòng cho tôi biết nhà thờ gần nhất ở đâu?,could you please tell me where the nearest church is ?
Một độ phân giải thỏa hiệp được tưới nước tốt hơn so với không có gì cả.,a watered down compromise resolution is better than none at all .
Tôi tự hỏi nếu bạn có thể lấy cho tôi một loại bia khác.,i wonder if you could get me another beer .
Tôi hiểu rằng đây là một quyết định khó khăn cho bạn.,i understand that this is a difficult decision for you .
Không có một giây nào mà tôi không nghĩ về bạn.,there s not a second that goes by that i do not think about you .
Chúng tôi đã có rất nhiều khiếu nại về cách bạn đối xử với các bạn cùng lớp.,we have had a lot of complaints about how you treat your classmates .
"Khi mùa đông đến gần, những ngày ngày càng ngắn hơn.","as winter approaches , the days get shorter and shorter ."
"Chúng tôi đã đến nhà hát sớm, vì vậy chúng tôi có thể chắc chắn rằng mọi người có thể có được một chỗ ngồi.","we went to the theater early , so we could be sure that everyone could get a seat ."
Tôi cho rằng Tom đã nói với bạn rằng anh ấy dự định đến lúc mấy giờ.,i suppose tom told you what time he plans to arrive .
Cô ấy nói với tôi rằng tôi có thể ngủ trên ghế sofa.,she told me that i could sleep on the sofa .
Nói chuyện với cây của bạn không giúp chúng phát triển nhanh hơn.,talking to your plants does not help them grow faster .
Anh ấy giải thích kế hoạch của mình cho cả con trai tôi và tôi.,he explained his plan both to my son and to me .
Bạn có biết tại sao Tom không tham dự cuộc họp vào chiều nay?,do you know why tom did not attend the meeting this afternoon ?
Tôi nghĩ rằng chúng ta sẽ ở lại cho một ngày khác.,i think we are going to stay for another day .
Tôi ước tôi có thể dành nhiều thời gian hơn với cha tôi trước khi ông qua đời.,i wish i could have spent more time with my father before he died .
Tôi cảm thấy nhẹ nhõm khi tất cả những rắc rối được quan tâm.,i felt relieved when all the troubles were taken care of .
"Nếu bạn sẽ nghi ngờ tất cả mọi thứ, ít nhất là nghi ngờ nghi ngờ của bạn.","if you are going to doubt everything , at least doubt your doubt ."
Tôi không muốn bạn nhảy với Tom nữa.,i do not want you to dance with tom anymore .
Cả Tom và Mary đều không biết làm thế nào để gửi fax.,both tom and mary did not know how to send a fax .
"Nếu bạn đã không làm điều đó, người khác sẽ có.","if you had not done it , someone else would have ."
Anh ta đặt cho cảnh sát một tên và địa chỉ sai.,he gave the police a false name and address .
"Nếu bạn không có gì tốt để nói, đừng nói gì cả.","if you do not have anything nice to say , do not say anything at all ."
Nó không bao giờ xảy ra với tôi rằng tôi có thể bị sa thải.,it never occurred to me that i might be fired .
Tôi muốn biết những gì tôi có thể làm ngay bây giờ.,i want to know what i can do right now .
Cô ấy đã gặp rắc rối với đau lưng trong nhiều năm.,she is been having trouble with back pain for years .
Tôi chỉ ăn thịt khoảng ba hoặc bốn lần một tháng.,i only eat meat about three or four times a month .
"Tôi không biết nó là gì, nhưng nó là một cái gì đó rất lớn.","i do not know what it is , but it is something very big ."
"Sau một thời gian, vảy ngô trong sữa sẽ trở nên sũng nước.","after a while , corn flakes in milk will become soggy ."
Tôi thích bơi trong hồ và sông hơn là bơi trong đại dương.,i like swimming in lakes and rivers more than swimming in the ocean .
Chúng tôi không có lựa chọn nào khác ngoài việc từ bỏ toàn bộ kế hoạch.,we have no choice but to give up the whole plan .
"Tôi chắc chắn rằng tôi đã gặp người đàn ông đó ở đâu đó, nhưng tôi không nhớ anh ta là ai.","i am sure i have met that man somewhere , but i do not remember who he is ."
"Nếu bạn không làm nhiệm vụ của mình, mọi người sẽ coi thường bạn.","if you do not do your duty , people will look down on you ."
Bạn sẽ mua một cái nếu nó rẻ hơn một chút?,would you buy one if it were a little cheaper ?
Tôi đã bỏ qua cuộc hẹn với sếp của tôi.,i skipped out on my appointment with my boss .
Bạn nghĩ cuộc họp sẽ kéo dài bao lâu?,how long do you think the meeting will last ?
"Nếu bạn muốn học sự thật, hãy ngồi xuống và lắng nghe.","if you want to learn the truth , sit down and listen ."
Bạn thậm chí sẽ không nhớ tôi một vài năm kể từ bây giờ.,you will not even remember me a few years from now .
Tôi đã nói với bạn rằng đừng nói về vấn đề này trong sự hiện diện của cô ấy.,i told you not to talk about the matter in her presence .
bạn giận tôi à ? bạn đặt cược tôi !,are you angry at me ? you bet i am !
Những gì anh ấy nói ngày hôm qua không phù hợp với những gì anh ấy đã nói tuần trước.,what he said yesterday is not consistent with what he had said last week .
"Tôi đã cố nói với Tom, nhưng anh ấy từ chối lắng nghe.","i tried to tell tom , but he refused to listen ."
Cô không thể giữ cho con gái mình không đi ra ngoài.,she could not keep her daughter from going out .
Tôi không muốn bạn tiêu tiền cho tôi.,i do not want you to spend money on me .
Tôi muốn cho bạn thấy những gì Tom đã cho tôi.,i want to show you what tom gave me .
Tôi nghĩ rằng tất cả chúng ta nên đến nhà Tom s.,i think we should all go to tom s house .
"Tôi chưa bao giờ nói với ai rằng trước đây, ngay cả mẹ tôi.","i have never told anyone that before , not even my mother ."
"Ngay khi tôi có đủ khả năng, tôi dự định đi du lịch vòng quanh thế giới.","as soon as i can afford it , i plan to travel around the world ."
"Trong hai năm, công ty có quy mô gấp đôi.","in two years , the company has more than doubled in size ."
Tôi dự định cho con trai tôi một máy tính vào cuối tháng.,i plan to give my son a computer at the end of the month .
Anh ta đã nhận được một khoản tiền lớn để bồi thường cho chấn thương của mình.,he received a large sum of money in compensation for his injury .
Có rất nhiều nhà hàng tốt ở Boston.,there are a lot of good restaurants in boston .
Tôi cũng như anh trai tôi đang đổ lỗi.,i as well as my brother am to blame .
Dân chủ là một ý tưởng quay trở lại với người Hy Lạp cổ đại.,democracy is an idea that goes back to the ancient greeks .
"Vì tôi bị ốm trong một tuần, tôi đang thực hiện mọi nỗ lực có thể để bắt kịp.","since i was sick for a week , i am making every possible effort to catch up ."
"Vì các triệu chứng của bạn, bạn phải tạm thời bị cô lập về mặt y tế.","because of your symptoms , you must be temporarily medically isolated ."
Tôi cảm thấy chóng mặt và tôi cảm thấy muốn ném lên.,i feel sort of dizzy and i feel like throwing up .
Quan điểm độc đáo của ông đã giúp làm sáng tỏ tình hình.,his unique perspective helped shed light on the situation .
Anh ấy đã làm một bản vẽ sơ bộ để chỉ cho tôi đường đến nhà ga.,he did a rough drawing to show me the way to the station .
Một chút đi bộ sẽ cho bạn một sự thèm ăn tốt cho bữa sáng.,a little walk will give you a good appetite for breakfast .
"Khi tàu kéo ra, họ vẫy tay chào cha mẹ.","as the train pulled out , they waved goodbye to their parents ."
Tôi biết làm thế nào chúng ta có thể kiếm được nhiều tiền.,i know how we can make a lot of money .
Bạn có thể điều chỉnh màu trên TV bằng cách xoay núm này.,you can adjust the color on the tv by turning this knob .
Đó là một thời gian dài kể từ khi tôi có một bất ngờ thú vị như vậy.,it is been a long time since i had such a pleasant surprise .
Đừng vào phòng cho đến khi tôi nói tất cả đều ổn.,do not enter the room until i say all right .
"Thức dậy ở a.m.lúc đầu là khó khăn, nhưng bây giờ tôi đã quen với nó.","getting up at a . m . was hard at first , but now i am used to it ."
Ăn một tép tỏi mỗi ngày có lợi cho sức khỏe của bạn?,is eating a clove of garlic every day beneficial to your health ?
Chúng tôi đã hát trong một dàn hợp xướng khi chúng tôi còn nhỏ.,we sang in a choir when we were kids .
Tom Bet Mary rằng anh ta có thể đánh bại cô tại Arm Wrestling.,tom bet mary that he could beat her at arm wrestling .
Tình trạng bất ổn xã hội có thể xảy ra do suy thoái kinh tế dài này.,social unrest may come about as a result of this long recession .
Chính sách này chắc chắn sẽ đi một chặng đường dài hướng tới việc kích thích kinh doanh.,this policy is sure to go a long way towards stimulating business .
Tôi đã tìm kiếm ai đó để trông trẻ con của tôi.,i have been looking for someone to babysit my children .
Tôi muốn giúp bạn có được những gì bạn cần.,i would like to help you get what you need .
Giá gấp đôi so với mười năm trước.,prices are double what they were ten years ago .
Tom nói rằng anh ta đang lên kế hoạch mua Mary một món quà.,tom says he is planning to buy mary a gift .
Tom hỏi Mary nếu cô ấy muốn một tách cà phê.,tom asked mary if she would like a cup of coffee .
Tom được yêu cầu trở thành người đàn ông tốt nhất trong đám cưới của anh trai Mary.,tom was asked to be best man at mary s brother s wedding .
Không bao giờ lái xe nhanh hơn thiên thần hộ mệnh của bạn có thể bay.,never drive faster than your guardian angel can fly .
Cô đến rất gần để bị một chiếc xe hơi chạy qua.,she came very near to being run over by a car .
Thỉnh thoảng bạn nên chăm sóc trẻ em.,you should look after the children from time to time .
"Thành thật mà nói, thật khó để tôi nói ra những gì anh ấy nói.","frankly speaking , it was difficult for me to make out what he was saying ."
"Tất cả trong tất cả, chúng tôi đã có một thời gian tốt trong bữa tiệc.","all in all , we had a good time at the party ."
Chúng tôi phải đảm bảo rằng chúng tôi có đủ tình nguyện viên.,we have to make sure we have enough volunteers .
Tiếng ồn là vấn đề nghiêm trọng nhất đối với những người sống quanh các sân bay.,noise is the most serious problem for those who live around the airports .
Tôi đang bắt đầu vui vẻ trong công việc mới của mình.,i am starting to have fun on my new job .
"Nếu bạn không muốn trả lời, bạn không cần phải làm thế.","if you do not want to answer , you do not have to ."
Con bò đã sinh ra một con bê với hai đầu.,the cow gave birth to a calf with two heads .
Hãy đi và xem càng nhiều thứ càng tốt.,let s go and see as many things as we can .
Anh ấy không chỉ thích bóng chày mà còn cả bóng đá.,he likes not only baseball but football as well .
Thời tiết xấu làm đảo lộn kế hoạch của chúng tôi để đi bộ.,bad weather upset our plans to go on a hike .
Tôi đã nói với bạn rằng tôi sẽ không gọi cho Tom.,i told you i was not going to call tom .
Làm thế nào là khó khăn để có được một hộ chiếu giả?,how hard is it to get a fake passport ?
Tôi chỉ không muốn bạn bị cảm lạnh.,i just do not want you to catch my cold .
"Nếu chúng tôi quyết định thuê bạn, bạn sẽ nghe từ chúng tôi.","if we decide to hire you , you will hear from us ."
Chị tôi đã hát một bài hát tiếng Anh trong bữa tiệc.,my sister sang an english song at the party .
Cuộc chiến bắt đầu với sự trao đổi nhanh chóng của những cú đánh.,the fight began with the rapid exchange of blows .
Nghiên cứu làm thế nào để giao tiếp hiệu quả là thời gian chi tiêu tốt.,studying how to communicate effectively is time well spent .
Thật là ngu ngốc khi tôi phạm sai lầm như vậy.,it was stupid of me to make such a mistake .
Bạn không bao giờ có thể biết loại công việc bạn có thể tìm thấy.,you never can tell what kind of job you might find .
Khách sạn đó không phải là tất cả những gì nó bị phá vỡ.,that hotel is not all it is cracked up to be .
"Nó đã đau trước đây, nhưng không bao giờ xấu như bây giờ.","it is ached before , but never as badly as right now ."
Anh bắt đầu bữa ăn bằng cách uống nửa ly rượu bia.,he began his meal by drinking half a glass of ale .
Tôi tự hỏi bạn của bạn đang làm gì bây giờ.,i wonder what your friend tom is doing now .
Chúng tôi đã rất phấn khích đến nỗi chúng tôi không thể ngồi yên.,we were so excited that we could not sit still .
Một số người nói rằng đó là bản chất của con người để root cho kẻ yếu.,some people say that it is human nature to root for the underdog .
Cô ấy đưa tôi dưới cánh của cô ấy và dạy tôi mọi thứ cô ấy biết.,she took me under her wing and taught me everything she knows .
"Nếu đổ lỗi cho tôi làm cho bạn cảm thấy tốt hơn, hãy đi ngay.","if blaming me makes you feel better , go right ahead ."
Bản dịch của tiểu thuyết Pháp đã mất hơn ba tháng.,the translation of the french novel took him more than three months .
Một bác sĩ đã cố gắng loại bỏ viên đạn ra khỏi đầu tổng thống.,a doctor tried to remove the bullet from the president s head .
Một mô hình mới không nhất thiết phải tốt hơn mô hình cũ.,a new model is not necessarily any better than the older one .
Dân làng đã tìm kiếm đứa trẻ mất tích.,the villagers went in search of the missing child .
Ông dành tất cả thời gian của mình để nghiên cứu lịch sử.,he devoted all his time to the study of history .
"Bất kể bạn nói gì, câu trả lời là không.","no matter what you say , the answer is no ."
Tôi thường đi đến thợ cắt tóc mỗi tháng một lần.,i usually go to the barber once a month .
Tôi hình dung bạn có lẽ sẽ không bao giờ muốn gặp lại tôi.,i figured you would probably never want to see me again .
Tôi sẽ phải bắt tàu đến Paris.,i will have to catch the train to paris .
Không ai trong lớp của anh ấy có thể chạy nhanh hơn anh ấy.,no one in his class can run faster than he does .
Anh cởi áo khoác ra và mặc nó một lần nữa.,he took off his coat and put it on again .
"Cho dù tôi đã cố gắng thế nào, tôi không thể nhớ tiêu đề bài hát đó.","no matter how hard i tried , i could not remember that song s title ."
Không rõ những gì người viết đang cố gắng nói.,it is not clear what the writer is trying to say .
Tom nói với tôi rằng tôi là người anh ấy muốn nói chuyện.,tom told me i was the one he wanted to talk to .
Khung của ngôi nhà nên được hoàn thành trong một hoặc hai ngày.,the frame of the house should be finished in a day or two .
"Chúng tôi xin lỗi, chúng tôi không thể chấp nhận yêu cầu của bạn.",we are sorry we are unable to accept your request .
Tom S bị béo hơn kể từ lần cuối cùng tôi nhìn thấy anh ta.,tom s gotten fatter since the last time i saw him .
"Nếu bạn đã ở lại đây, bạn sẽ có một thời gian rất tốt.","if you had stayed here , you would have had a very good time ."
Cô không thể thuyết phục anh ta chấp nhận một tấm séc cá nhân.,she could not convince him to accept a personal check .
Cô khuyên anh nên chăm sóc bản thân tốt hơn.,she advised him to take better care of himself .
"Nếu chúng ta rời đi ngay bây giờ, chúng ta có thể trở lại Tucson trước khi màn đêm buông xuống.","if we leave now , we could be back in tucson before nightfall ."
Tôi sẽ nói chuyện với bạn vào một thời điểm thích hợp hơn.,i will talk to you at a more appropriate time .
Không có gì trong hợp đồng ngăn cản bạn thuê một luật sư khác.,there is nothing in the contract precluding you from hiring another lawyer .
"Tôi có nhiều thời gian, nhưng không đủ tiền.","i have plenty of time , but not enough money ."
"Anh ta nói cha anh ta bị bệnh, nhưng đó là một lời nói dối.","he said his father was ill , but that was a lie ."
Tôi nghĩ rằng tôi có thể đến Úc cho Giáng sinh.,i think i could come to australia for christmas .
"Anh ta muốn nhìn thấy một trận đấu bò, nhưng cha anh ta sẽ không để anh ta đi.","he wanted to see a bullfight , but his father would not let him go ."
Anh ấy đến gặp tôi ba ngày trước khi anh ấy rời châu Phi.,he came to see me three days before he left for africa .
Một đám cháy có thể lan rộng nhanh hơn bạn có thể chạy.,a fire can spread faster than you can run .
Dữ liệu có thể được truyền từ máy tính chính đến của bạn và ngược lại.,"data can be transmitted from the main computer to yours , and vice versa ."
Tom trồng một cây đào nhỏ trước nhà.,tom planted a small peach tree in front of his house .
Nơi anh sống ở xa thị trấn.,the place where he lives is far from town .
Bạn có thể gặp sự cố trên ghế sofa nếu bạn mệt mỏi.,you can crash on the sofa if you are tired .
"Cô muốn trở về nhà, nhưng cô bị lạc.","she wanted to return home , but she got lost ."
bạn vẫn còn giận tôi à ? không hoàn toàn không .,"are you still mad at me ? no , not at all ."
"Tôi gõ cửa, nhưng không có câu trả lời.","i knocked on the door , but there was no answer ."
Đó là một cái giá rất nhỏ cho một chiến thắng quan trọng như vậy.,it is a very small price for such an important victory .
Anh biến mất vào một góc tối ở phía sau cửa hàng.,he disappeared into a dark corner at the back of the shop .
Ông đưa ra một thông báo về sự thay đổi về giá.,he put up a notice about the change in price .
Cà phê là dành cho tôi và trà là dành cho bạn.,the coffee is for me and the tea is for you .
Tôi đã mua một gói bia sáu trên đường đi làm về.,i bought a six pack of beer on my way home from work .
Tom và Mary đã đến một nhà hàng ưa thích để kỷ niệm ngày cưới của họ.,tom and mary went to a fancy restaurant to celebrate their wedding anniversary .
Thị trấn này đã không thay đổi nhiều trong mười năm qua.,this town has not changed much in the last ten years .
Tôi đã rất ngạc nhiên khi thấy học sinh dọn dẹp lớp học của họ sau giờ học.,i was very surprised to see students cleaning their classroom after school .
Tom và tôi đã quyết định không đến Úc vào dịp Giáng sinh năm nay.,tom and i have decided not to go to australia for christmas this year .
Tại sao bạn không cho chúng tôi một chút để nói chuyện?,why do not you give us a moment to talk ?
Bạn có liên quan gì đến nhóm này không?,do you have something to do with this group ?
Bạn không cần phải đi nếu bạn không muốn.,you do not have to go if you do not want to .
Vụ tai nạn dường như có liên quan đến tuyết nặng.,the accident seemed to have something to do with the heavy snow .
Cơ hội là không có ai mà bạn sẽ trúng xổ số.,the chances are slim to none that you will win the lottery .
Tôi xin lỗi vì tôi đã không viết thư cho bạn trong một thời gian dài như vậy.,i am sorry that i have not written to you in such a long time .
Thật bất cẩn của anh ta khi phạm sai lầm như vậy.,it was careless of him to make such a mistake .
Chúng ta phải tiếp tục nghiên cứu miễn là chúng ta sống.,we must continue to study as long as we live .
Bạn có thể chỉ cho tôi nơi tôi đang ở trên bản đồ này không?,can you show me where i am on this map ?
Chúng tôi đã tìm thấy một trục trặc trong chương trình sẽ phải được xử lý trước khi chúng tôi tiếp tục.,we found a glitch in the program that will have to be dealt with before we move on .
Nếu tôi bỏ lỡ thời hạn thì sao?Tôi cá là anh ấy sẽ giận bạn!,what if i miss the deadline ? i bet he will get mad at you !
Tom đã đến Nhật Bản trong một thị thực kỳ nghỉ làm việc.,tom went to japan on a work holiday visa .
Bạn không nên luôn luôn làm những gì mọi người khác dường như đang làm.,you should not always do what everyone else seems to be doing .
Chúng tôi muốn biết tại sao bạn không ở đây ngày hôm qua.,we want to know why you were not here yesterday .
Tôi muốn bạn giúp tôi nếu bạn không có gì đặc biệt để làm.,i would like you to help me if you have nothing in particular to do .
Tôi sẽ mất bao lâu để hoàn thành bài tập về nhà?,how long will it take me to finish my homework ?
Chúng tôi nhấn mạnh rằng một cuộc họp được tổ chức càng sớm càng tốt.,we insist that a meeting be held as soon as possible .
Người ta nói rằng kho báu được chôn cất trong khu vực này.,it is said that treasure is buried in this area .
Tôi đã làm những điều xấu mà tôi nên bị trừng phạt.,i have done bad things that i should be punished for .
Thật không tốt khi tạo niềm vui cho những người có trở ngại lời nói.,it is not nice to make fun of people with speech impediments .
Tom phải mất một giờ để lái xe đi làm mỗi ngày.,it takes tom an hour to drive to work each day .
Tôi không phải là loại từ bỏ dễ dàng.,i am not the type that gives up so easily .
Một thẩm phán sẽ phát hành lệnh khám xét chỉ khi có nguyên nhân có thể xảy ra.,a judge will issue a search warrant only if there is probable cause .
Rất có khả năng ai đó sẽ chờ đợi chúng tôi.,it is very likely that someone will be waiting for us .
Tom có thể thấy rằng Mary sắp bật khóc.,tom could see that mary was about to burst into tears .
Có một cơ thể trong cốp xe.,there s a body in the trunk of the car .
Một người đàn ông có bụng đầy đủ nghĩ rằng không ai đói.,a man with a full belly thinks no one is hungry .
Chúng ta phải làm điều này ngay bây giờ.không có thời gian .,we have to do this now . there s no time .
Câu hỏi là Tom có thể theo kịp chúng tôi.,the question is can tom keep up with us .
Tôi thức dậy để tìm một tên trộm trong phòng của tôi.,i awoke to find a burglar in my room .
Tom và Mary sống trong một căn nhà gỗ nhỏ.,tom and mary live in a small log cabin .
Tôi sẽ chạy một vài việc vặt.Muốn gắn thẻ?,i am going to run a couple of errands . wanna tag along ?
Đừng ngần ngại đặt câu hỏi nếu bạn không hiểu.,do not hesitate to ask questions if you do not understand .
"Nếu bạn ngủ trưa ở đây, bạn sẽ bị cảm lạnh.","if you take a nap here , you will catch a cold ."
Tom thường đưa ra quyết định tốt dựa trên sự đánh giá thực tế về tình huống mà anh ta phải đối mặt.,tom generally makes good decisions based on a realistic appraisal of the situation he is faced with .
Tôi cần phải biện minh cho lý do tại sao tôi kiếm được một mức lương lớn như vậy.,i needed to justify why i was earning such a large salary .
"Đó là một điều để lập kế hoạch, nhưng hoàn toàn khác để thực hiện chúng.","it is one thing to make plans , but quite another to carry them out ."
"Hãy nhìn xem, tôi đã có một ngày dài và tôi muốn đi ngủ ngay bây giờ.","look , i have had a long day and i want to go to bed right now ."
Tom mở cửa xe và kéo Mary ra.,tom opened the car door and pulled mary out .
"Bạn sẽ không gọi cho bố mẹ tôi, phải không?","you are not going to call my parents , are you ?"
Một số em bé học bơi ngay cả trước khi chúng một tuổi.,some babies learn to swim even before they are one year old .
Hãy đi bị hắt hơi như chúng ta đã làm vào cuối tuần trước.,let s go get snockered like we did last weekend .
Nỗi đau khi mất gia đình đã khiến anh tự sát.,the pain of having lost his family drove him to suicide .
Lưng tôi đau khi ngồi hàng giờ trước máy tính.,my back hurts from sitting for hours in front of the computer .
Họ có thể trả cho tôi nhiều hơn nếu tôi có thể sử dụng máy tính.,they might pay me more if i could use a computer .
Có cần thiết cho tất cả chúng ta ở đó không?,is it necessary for all of us to be there ?
Tom không muốn quay trở lại nơi anh sinh ra.,tom did not want to go back to where he was born .
"Khi tôi mở cửa, tôi đã phá khóa.","when i opened the door , i broke the lock ."
Nó đã xảy ra trước đây và nó có thể sẽ xảy ra một lần nữa.,it has happened before and it will probably happen again .
Tôi muốn cảm ơn bạn vì đã giúp tôi dịch báo cáo sang tiếng Pháp.,i would like to thank you for helping me translate the report into french .
Hiện tại tôi không cần phải làm gì.,for the moment there s nothing in particular i need to be doing .
Nhảy bungee không phải là nhiều niềm vui như vẻ ngoài của nó.,bungee jumping is not as much fun as it looks .
"Tôi thừa nhận anh ấy thông minh, nhưng anh ấy có phải nói chuyện với mọi người mọi lúc không?","i admit he is smart , but does he have to talk over everyone s heads all the time ?"
"Lần tới khi bạn đi đến siêu thị, hãy mua một số giấy vệ sinh.","the next time you go to the supermarket , buy some toilet paper ."
Tom và Mary hẹn hò với nhau trong ba năm.,tom and mary dated each other for three years .
Cây cầu mới sẽ được hoàn thành vào tháng ba.,the new bridge will have been completed by march .
Cha tôi thường đọc sách cho tôi khi đi ngủ.,my father used to read books to me at bedtime .
"Tôi xin lỗi, nhưng tôi không có bất kỳ thay đổi nhỏ nào.","i am sorry , but i do not have any small change ."
Họ tập trung tại quán cà phê cho một cuộc họp.,they gathered at the coffee shop for a meeting .
Đừng đặt nó ở đó.Ai đó có thể đi qua nó.,do not put that there . somebody might trip over it .
Tôi đã hẹn hò với một cô gái như thế nhiều năm trước.,i dated a girl like that many years ago .
"Tôi biết bơi, nhưng tôi không thích bơi trên sông.","i know how to swim , but i do not like swimming in the river ."
Tôi nói tiếng Pháp với bố và tiếng Anh với mẹ tôi.,i speak french to my father and english to my mother .
Chúng tôi đã ở điểm rời đi khi Tom đến.,we were on the point of leaving when tom arrived .
Tôi thường đọc Kinh thánh vào ban đêm ngay trước khi tôi đi ngủ.,i often read the bible at night just before i go to sleep .
Tôi muốn đến Úc một lần nữa trước khi hộ chiếu của tôi hết hạn.,i want to go to australia again before my passport expires .
"Nếu bạn không tin tưởng họ, họ sẽ không tin tưởng bạn.","if you do not trust them , they will not trust you ."
"Trung bình, bạn uống bao nhiêu tách cà phê hàng ngày?","on average , how many cups of coffee do you drink daily ?"
Điều duy nhất thực sự quan trọng là liệu bạn có hạnh phúc hay không.,the only thing that really matters is whether or not you are happy .
Sự thật là chúng ta không thể sống mà không có không khí.,the truth is that we cannot live without air .
Bạn không bao giờ có cơ hội thứ hai để tạo ấn tượng đầu tiên.,you never get a second chance to make a first impression .
Đó là một sự lãng phí thời gian để học tập khi bạn buồn ngủ.,it is a waste of time to study when you are sleepy .
Bạn đã nhận được một món quà Giáng sinh từ Tom năm nay?,did you get a christmas present from tom this year ?
Một nhóm ba người cướp ngân hàng dưới ánh sáng ban ngày.,a gang of three robbed the bank in broad daylight .
Bạn sẽ phải làm việc chăm chỉ nếu bạn muốn vượt qua kỳ thi.,you will have to work hard if you want to pass the exam .
"Bạn luôn phải có từ cuối cùng, không bạn?","you always have to have the last word , do not you ?"
Đọc là tâm trí bài tập là gì với cơ thể.,reading is to the mind what exercise is to the body .
Sữa dê dễ dàng để cơ thể tiêu hóa.,goat milk is easy for the body to digest .
Tom là một trong những người đẹp nhất mà tôi biết.,tom is one of the nicest guys i know .
Có một công việc toàn thời gian và nuôi hai đứa trẻ cùng một lúc là khó khăn.,having a full time job and raising two kids at the same time is hard .
Tôi yêu cầu anh ấy không chơi piano vào đêm khuya.,i asked him not to play the piano late at night .
Cô ngồi đó lặng lẽ với những giọt nước mắt.,she sat there silently with tears in her eyes .
Cô ấy đề nghị tôi đưa nó cho anh ấy ngay lập tức.,she suggested that i give it to him right away .
Mọi người trên độ tuổi của có thể lái xe ô tô.,people over the age of can drive cars .
Bạn nên cho rằng chúng tôi sẽ không có đủ tiền để mua mọi thứ chúng tôi muốn.,you should assume that we will not have enough money to buy everything we want .
Cô chạy rất nhanh để bắt kịp các thành viên khác.,she ran very fast to catch up with the other members .
"Gần đây, nhiều người đang cảm thấy khó khăn để kiếm sống tốt.","recently , many people are finding it hard to make a decent living ."
Anh ấy đã đánh bại tình bạn với những người khó xảy ra nhất.,he struck up friendships with the most unlikely people .
Người biết thường nói nhất là ít nhất.,he who knows the most often says the least .
Tôi tự hỏi nếu sẽ có nhiều tuyết trong năm nay so với năm ngoái.,i wonder if there will be more snow this year than last year .
"Bạn là người quyết định làm công việc này, phải không?","you are the one who decided to do this job , right ?"
Tôi rất ấn tượng bởi quảng cáo gần đây của bạn trên tờ Thời báo New York.,i am impressed by your recent advertisement in the new york times .
Tôi nhìn Tom vào mắt và nói với anh ấy sự thật.,i looked tom in the eyes and told him the truth .
Bạn là người duy nhất từng đến thăm tôi.,you are the only person who ever comes to visit me .
"So với bạn, tôi chỉ là người mới bắt đầu trong trò chơi này.","compared to you , i am just a beginner at this game ."
Tôi chỉ không cắt ra cho loại công việc này.,i am just not cut out for this kind of work .
"Vào những ngày đó, tôi đã làm cho nó đi dạo trước khi ăn sáng.","in those days , i made it a point to take a walk before breakfast ."
Bạn có thể điều chỉnh bàn này theo chiều cao của bất kỳ đứa trẻ nào.,you can adjust this desk to the height of any child .
"Năm ngoái, tôi không thể dành nhiều thời gian cho các con như tôi muốn.","last year , i could not spend as much time with my children as i wanted to ."
Tôi muốn chờ xem Tom đề xuất những gì.,i want to wait and see what tom proposes .
Cô yêu cầu anh đọc nó cho cô vì cô đã bị mất kính.,she asked him to read it for her because she had lost her glasses .
Tôi nghĩ rằng cả ba chúng tôi sẽ ở đó vào ngày mai.,i think all three of us will be there tomorrow .
Bạn không thể sử dụng vòi này.nó không đúng thứ tự.,you cannot use this faucet . it is out of order .
Anh rời khỏi nhà mà không nói lời tạm biệt.,he left the house without so much as saying goodbye .
Tôi không thể mua cái này vì tôi không có đủ tiền.,i cannot buy this because i do not have enough money .
"Cho dù bạn cố gắng thế nào, bạn sẽ không thể hoàn thành điều đó trong một ngày.","no matter how hard you try , you will not be able to finish that in one day ."
Ngôi nhà của chúng tôi đã bị phá vỡ bởi những kẻ trộm đêm qua.,our house was broken into by burglars last night .
Anh ấy đã hoàn thành bữa tối vì anh ấy không thích lãng phí thức ăn.,he finished his dinner because he did not like to waste food .
Tôi cảm thấy tôi chỉ phải xuống tàu.,i felt i just had to get off the ship .
Tôi không biết sẽ chi phí bao nhiêu để sửa chữa xe của tôi.,i did not know how much it would cost to get my car repaired .
Đôi khi rất khó để làm cho bản thân hiểu trước công chúng.,it is sometimes difficult to make yourself understood in public .
Anh đang mỉm cười như thể không có gì xảy ra với anh.,he was smiling as if nothing had happened to him .
"Nếu bạn đang nhận được hóa đơn, bạn sẽ không nói điều đó.","if you were footing the bill , you would not say that ."
Đó là một trong những thời điểm tốt nhất trong cuộc đời tôi.,that was one of the best times of my life .
Bạn có một căn phòng rẻ hơn một chút?,do you have a room that is a little cheaper ?
"Tom nói anh ta bị bệnh, đó là một lời nói dối.","tom said he was ill , which was a lie ."
Bạn không nên ăn ngay trước khi đi ngủ.,you should not eat just before you go to bed .
Nó có giá cao hơn để đúc một xu so với bản thân penny là giá trị.,it costs more to mint a penny than the penny itself is worth .
Chồng cô ăn tất cả những gì cô đặt trước mặt anh.,her husband eats everything she puts in front of him .
Hoa Kỳ đã chính thức chấm dứt các lệnh trừng phạt kinh tế đối với Miến Điện.,the united states has officially ended economic sanctions against burma .
"Nếu bạn muốn có được trên thế giới, bạn không được thu nhỏ từ nỗ lực.","if you wish to get on in the world , you must not shrink from effort ."
"Kể từ khi tai nạn, tôi không thích nhìn vào gương.","since the accident , i do not like looking in the mirror ."
Tôi là một trong ba mươi người cần phải làm điều đó.,i am one of the thirty people who needed to do that .
Bạn có thể cho tôi biết bất cứ điều gì về điều đó sẽ xảy ra ở đây hôm nay?,can you tell me anything about that is going to happen here today ?
"Anh ấy rất thân thiện, vì vậy tôi thích làm việc với anh ấy.","he is very friendly , so i enjoy working with him ."
"Hôm qua, tôi tình cờ gặp giáo viên của mình tại công viên giải trí.","yesterday , i ran into my teacher at the amusement park ."
Nhật ký của cô đã hình thành nên cơ sở của cuốn sách mà cô sau này viết.,her diaries formed the basis of the book she later wrote .
Sương mù nặng nề khiến chúng ta không thể nhìn thấy bất cứ điều gì trước mặt chúng ta.,the heavy fog made it impossible for us to see anything in front of us .
Anh đưa tay qua bàn và bắt tay tôi.,he reached across the table and shook my hand .
Tôi đã nói với bạn rằng bạn không nên làm điều đó.,i told you that you were not supposed to do it .
Tom chỉ vào mỗi từ khi anh đọc nó.,tom pointed to each word as he read it .
Tôi không nghĩ rằng tôi có kinh nghiệm cần thiết cho công việc đó.,i do not think i have the experience necessary for that job .
Chúng tôi có rất nhiều việc phải làm.chẳng hạn như ?,we have a lot of things to do . such as ?
Tốt hơn là bạn nên dành thời gian hơn là vội vàng và phạm sai lầm.,it is better to take your time than to hurry and make mistakes .
Trung Quốc tiếp tục mất đất trồng trọt vì xói mòn và đô thị hóa.,china continues to lose arable land because of erosion and urbanization .
"Tôi biết bạn có thể muốn ở một mình, vì vậy tôi sẽ rời đi.","i know you probably want to be alone , so i will leave ."
Tom hỏi tôi nếu tôi sẽ về nhà tối nay.,tom asked me if i would be home this evening .
"Khi nói đến người giám sát của tôi, anh ta rất không nhất quán, vì vậy chúng tôi không bao giờ hoàn thành công việc.","when it comes to my supervisor , he is very inconsistent , so we never get any work done ."
Tôi sợ tôi sẽ phải làm bạn thất vọng.Tôi không cảm thấy muốn tham gia vào cuộc thảo luận này.,i am afraid i will have to disappoint you . i do not feel like participating in this discussion .
Anh đã giành giải nhất tại Giải đấu cờ vua.,he won the first prize at the chess tournament .
"Ít nhất là bây giờ, tôi sẽ không nói gì cả.","at least for now , i am not going to say anything ."
Có một khu vườn nhỏ phía trước nhà tôi.,there is a small garden in front of my house .
Chúng ta vẫn đang bám vào những giấc mơ của tuổi trẻ.,we are still clinging to the dreams of our youth .
Hãy không làm bất cứ điều gì có thể khiến chúng ta gặp rắc rối.,let s not do anything that might get us in trouble .
Tôi nghĩ rằng tất cả chúng ta nên lo lắng một chút về cách mà Tom đã hành động gần đây.,i think we should all be worried a little bit about the way tom has been acting lately .
Cô ấy có khả năng sống để trở thành một trăm.,she is likely to live to be one hundred .
"Đúng là anh ấy còn trẻ, nhưng anh ấy thông minh.","it is true that he is young , but he is clever ."
Bác sĩ khuyên tôi nên dùng một số môn thể thao để giữ dáng.,the doctor advised me to take up some sport to stay in shape .
"Tôi xin lỗi, tôi không biết phải nói gì nữa.","i am sorry , i do not know what else to say ."
Nhanh lên và bạn vẫn có thể bắt tàu của bạn.,hurry up and you can still catch your train .
Cô gái sống bên cạnh là rất xinh đẹp.,the girl who lives next door is very pretty .
"Lần đầu tiên, cô không vững chắc với anh.","the first time , she was not very firm with him ."
Đừng gộp tất cả những vấn đề này lại với nhau.Bạn cần phải cho mỗi người xem xét cẩn thận.,do not lump all these issues together . you need to give every single one careful consideration .
Tôi sợ công việc này sẽ chiếm phần lớn thời gian của tôi.,i fear this work will take up most of my time .
Bạn có thể mua một vé sau khi lên tàu không?,are you able to buy a ticket after boarding the train ?
Tôi muốn hỏi Tom một vài câu hỏi nếu tôi có thể.,i would like to ask tom a few questions if i may .
Chúng tôi quan tâm đến việc quan sát các phong tục của các khu vực khác nhau.,we are interested in observing the customs of different regions .
Một số người nghĩ rằng tổng thống dành quá nhiều thời gian để đi du lịch.,some people think the president spends too much time traveling .
Cha mẹ tôi nói với tôi rằng chúng ta nên tôn trọng người già.,my parents told me that we should respect the elderly .
Tôi nghĩ rằng đã đến lúc tôi mua một chiếc máy ảnh phong phú.,i think it is time for me to buy a decent camera .
Ông đã đến cửa hàng để mua một số cam.,he went to the store to buy some oranges .
Tôi nghĩ rằng tôi đã nói với bạn để cắt tóc của bạn.,i thought i told you to cut your hair .
Tôi không thấy khoẻ .Bạn có thể cho tôi một ít thuốc?,i do not feel well . could you give me some medicine ?
Đây sẽ là một món quà lưu niệm tốt cho chuyến đi của tôi quanh Hoa Kỳ.,this will be a good souvenir of my trip around the united states .
Tôi hỏi Tom nếu tôi có thể nói chuyện với anh ấy một cách riêng tư.,i asked tom if i could talk to him in private .
Sự gia tăng thất nghiệp này là hậu quả của suy thoái kinh tế.,this increase in unemployment is a consequence of the recession .
Tôi luôn căng cơ chân trước khi chơi tennis.,i always stretch my leg muscles before playing tennis .
"Tiếng Anh của anh ấy không tệ, thấy rằng anh ấy đã học chỉ được hai năm.","his english is not bad , seeing that he has studied for only two years ."
Tôi muốn cắt tóc trước khi đi trong chuyến đi.,i want to get a haircut before i go on the trip .
Những đứa trẻ mẫu giáo đang đi tay trong công viên.,the kindergarten children were walking hand in hand in the park .
"Tom có một cách cười vui nhộn, phải không?","tom has a funny way of laughing , does not he ?"
Tôi nghĩ rằng Tom đã đến đây để nói với chúng tôi điều gì đó quan trọng.,i think tom came here to tell us something important .
Bạn thường đi đâu để cắt tóc?,where do you usually go to get a haircut ?
Họ sợ bạn hơn bạn.,they are more scared of you than you are of them .
Tom là cậu bé cao nhất trong đội bóng đá của chúng tôi.,tom is the tallest boy on our football team .
Cô ấy bị cảm lạnh và vắng mặt ở trường.,she has a cold and is absent from school .
Cô ấy luôn chuyển tai điếc theo lời khuyên của tôi.,she always turns a deaf ear to my advice .
Tôi đã thuyết phục cảnh sát không bắn con khỉ.,i persuaded the policeman not to shoot the monkey .
Tom và Mary không thích cùng một loại thực phẩm.,tom and mary do not like the same kind of food .
Chúng ta sẽ có thể làm tốt hơn rất nhiều so với lần sau.,we should be able to do a lot better than this next time .
"Ngay khi tôi có thể tìm ra cách gửi tiền, tôi sẽ gửi cho bạn một số.","as soon as i can figure out how to send money , i will send you some ."
Chỉ mất khoảng mười lăm phút để đi bộ đến nhà ga từ đây.,it only takes about fifteen minutes to walk to the station from here .
Đó là rất tốt khi bạn cho tôi chỗ ngồi của bạn.,it is very kind of you to give me your seat .
Tất cả các kế hoạch cẩn thận của cô bắt đầu làm sáng tỏ từng người một.,all her carefully made plans began to unravel one by one .
Anh chàng đánh bạn đang ở cửa trước.,the guy who hit you is at the front door .
Họ đi cùng anh đến một tòa nhà bằng gỗ cũ gần trang trại.,they walked with him to an old wooden building near the farmhouse .
Tôi phải đợi hai mươi phút cho xe buýt tiếp theo.,i had to wait twenty minutes for the next bus .
Tôi đã nghe nói rằng ở Đức bia rẻ hơn nước.Đó có phải là sự thật?,i have heard that in germany beer is cheaper than water . is that true ?
Tôi sẽ mua một chiếc máy ảnh cho con gái tôi.,i am going to buy a camera for my daughter .
Tom đánh thức bọn trẻ dậy và bảo họ sẵn sàng đến trường.,tom woke the children up and told them to get ready for school .
"Sau khi mất việc, anh đã trải qua một thời gian rất khó khăn.","after losing his job , he went through a very difficult time ."
"Trừ khi bạn bắt đầu học tiếng Anh khi còn nhỏ, bạn khó có thể nghe như một người bản ngữ.","unless you started learning english as a child , you are unlikely to ever sound like a native speaker ."
Bạn có muốn uống trà với chúng tôi chiều nay không?,would you like to have tea with us this afternoon ?
Làm thế nào bạn cuộn lên trong tòa nhà bỏ hoang đó?,how did you wind up in that abandoned building ?
Tủ quần áo của Mary có đầy đủ quần áo mà cô ấy đã không mặc trong nhiều năm.,mary s closets are full of clothes she has not worn in years .
"Trong khi bạn đang đọc cho tôi, tôi có thể làm may.","while you are reading to me , i can do my sewing ."
"Vào mùa hè, ngày dài và đêm ngắn.","in the summer , days are long and nights are short ."
Bạn phải đưa giấy phép cũ của bạn để có được một giấy phép mới.,you must turn in your old license in order to get a new one .
Kẻ trộm đã sử dụng một tuốc nơ vít để đột nhập vào xe.,the thief used a screwdriver to break into the car .
Mọi người được xếp hàng quanh khối chờ nhà hát mở.,people were lined up around the block waiting for the theater to open .
Mẹ anh đã điều hành một nhà thuốc trong mười lăm năm.,his mother has been running a drugstore for fifteen years .
Tất cả những gì bạn phải làm là chờ đợi sự xuất hiện của anh ấy.,all you have to do is wait for his arrival .
Làm thế nào để bạn biết đi du lịch nhẹ hơn âm thanh?,how do you know light travels faster than sound ?
Nhìn vào mắt tôi và nói với tôi rằng bạn đã không làm điều đó.,look me in the eyes and tell me you did not do it .
Bạn vẫn chưa nói với tôi tại sao bạn quyết định không đi.,you still have not told me why you decided not to go .
Bạn không thể đánh giá cao bài thơ cho đến khi bạn đã đọc nó nhiều lần.,you cannot appreciate the poem until you have read it many times .
"Bạn càng nhìn, bạn sẽ càng thấy nhiều, và họ sẽ càng trở nên thú vị.","the more you look , the more you will see , and the more interesting they will become ."
Có một sự khác biệt tinh tế về ý nghĩa giữa hai từ.,there s a subtle difference in meaning between the two words .
Vấn đề đó đã được gác lại cho thời điểm hiện tại.,that problem has been shelved for the time being .
Có đúng là bạn sẽ học ở Úc không?,is it true you are going to study in australia ?
Bạn đã chi bao nhiêu cho những món quà Giáng sinh trong năm nay?,how much did you spend on christmas gifts this year ?
Nguyên nhân cái chết vẫn chưa được xác định.,the cause of death is yet to be determined .
Bạn có một tập tin móng tay tôi có thể mượn không?,do you have a nail file i could borrow ?
"Nếu bạn có một phút, bạn có thể muốn đọc cái này.","if you have a minute , you might want to read this ."
Họ sợ hãi đến mức không thể di chuyển một inch.,they were so frightened that they could not move an inch .
Đôi khi thật khó để khéo léo và trung thực cùng một lúc.,sometimes it is hard to be tactful and honest at the same time .
Nhà ga cách đây mười phút lái xe.,the station is a ten minute drive from here .
Tôi nghĩ rằng họ nên bỏ thuế nặng vào nhập khẩu.,i think they should put a heavy tax on imports .
Tom dường như sắp hỏi một câu hỏi khác.,tom seems to be about to ask another question .
Anh ấy sẽ ở lại với chú của mình vào cuối tuần.,he is going to stay with his uncle for the weekend .
Sẽ là tốt nhất nếu bạn không làm điều đó.,it would be best if you did not do that .
Tôi không nghĩ rằng tôi sẽ thích làm điều đó với Tom.,i do not think i would enjoy doing that with tom .
"Tôi đánh giá cao những gì bạn đang làm, nhưng tôi không nghĩ nó sẽ giúp ích.","i appreciate what you are doing , but i do not think it will help ."
Lập luận của bạn không phải là thuyết phục hơn bất kỳ sự thuyết phục nào của người cha bướng bỉnh của tôi.,your argument is not any more convincing than that of my stubborn father .
Tôi muốn quay lại làm những gì tôi đã làm trước khi bạn làm gián đoạn tôi.,i want to go back to doing what i was doing before you interrupted me .
Chúng tôi rất tiếc phải nói rằng chúng tôi không thể cung cấp cho bạn thông tin đó.,we are sorry to say that we cannot give you that information .
Bạn có muốn ăn gì đó không?nó là trên tôi.,would you like to get something to eat ? it is on me .
Đó là điều ma quái nhất đã từng xảy ra với bạn?,that is the spookiest thing that has ever happened to you ?
Bạn có biết ai sẽ làm điều này không?,do you have any idea who would do this kind of thing ?
Nhân viên tiếp tân tại khách sạn chắc chắn và không thân thiện.,the receptionist at the hotel was surly and not at all friendly .
Anh viết cho mẹ mọi lúc mọi nơi.,he writes to his mother every now and then .
Điểm nhấn của từ này là trên âm tiết thứ hai.,the accent of this word is on the second syllable .
Chúng tôi hy vọng rằng bạn hiểu tình huống khó khăn mà chúng tôi phải đối mặt.,we hope that you understand the difficult situation with which we are confronted .
Cô yêu cầu anh cho một số tiền để mua một chiếc váy mới.,she asked him for some money to buy a new dress .
Tôi có phải là người duy nhất không hiểu chuyện gì đang xảy ra không?,am i the only one who did not understand what was going on ?
"Bạn không muốn nói với tôi tại sao, bạn?","you do not want to tell me why , do you ?"
Tôi nghĩ rằng đó là khoảng thời gian chúng tôi thay đổi cách xử lý chất thải.,i think it is about time we changed our ways of disposing of waste .
Nó không được sử dụng để cố gắng giữ bí mật từ các nhà báo.,it is no use trying to keep secrets from journalists .
Tôi không mong đợi sẽ bận rộn vào ngày mai như ngày hôm nay.,i do not expect to be as busy tomorrow as i am today .
Bạn không có kế hoạch đi caroling Giáng sinh trong năm nay sao?,are not you planning to go christmas caroling this year ?
"Như mọi khi, anh dậy sớm vào buổi sáng và chạy bộ.","as always , he got up early in the morning and went jogging ."
Tôi không thích ra ngoài mà không có áo khoác vào một ngày lạnh như vậy.,i do not like to go out without a coat on such a cold day .
Tom quyết định nói với Mary sự thật về căn bệnh của mình.,tom decided to tell mary the truth about his illness .
Tom là một tài xế xe buýt trường học trước khi anh ta trở thành tài xế taxi.,tom was a school bus driver before he became a taxi driver .
"Ngay khi tôi tìm thấy nó, tôi sẽ mang nó đến chỗ của bạn.","as soon as i find it , i will bring it over to your place ."
Một lời nói dối tốt dễ tin hơn là sự thật.,a good lie is easier to believe than the truth .
"Trong mọi trường hợp, tôi phải hoàn thành công việc này vào ngày mai.","in any case , i must finish this work by tomorrow ."
Tôi không có gì đặc biệt để nói về vấn đề này.,i have nothing in particular to say about this problem .
Anh ta kiểm tra ngôi nhà với một mắt để mở một cửa hàng ở đó.,he examined the house with an eye to opening a store there .
Ở mọi nơi bạn nhìn bạn có thể thấy các cặp vợ chồng trẻ hôn nhau.,everywhere you look you can see young couples kissing .
"Tôi thức dậy lúc sáu giờ, ăn sáng và sau đó đi học.","i got up at six , ate breakfast and then went to school ."
Tôi đã làm cho hòa bình của tôi với dì của tôi trước khi cô ấy chết.,i made my peace with my aunt before she died .
"Nếu bạn thay đổi kế hoạch, bạn phải thông báo cho các thành viên trong nhóm về các thay đổi.","if you alter the plan , you must inform the team members of the changes ."
Shoelaces của tôi đã được cởi trói khi tôi đang đi xuống phố.,my shoelaces came untied as i was walking down the street .
"Nếu bạn muốn đến Bảo tàng Nghệ thuật, hãy đi xe buýt này.","if you want to go to the art museum , take this bus ."
Tôi ước có một số chàng trai dễ thương trong lớp của tôi.,i wish there were some cute guys in my class .
Anh đứng dậy và rời đi giữa cuộc thảo luận.,he got up and left in the middle of the discussion .
Tom nói với tôi rằng anh ấy không có kế hoạch ăn uống hôm nay.,tom told me he was not planning on eating out today .
Người Anh đã đánh bại người Pháp ở Bắc Mỹ.,the british defeated the french in north america in .
Món tráng miệng duy nhất tôi thực sự thích là kem.,the only dessert i really like is ice cream .
"Nếu anh ta ở trong hoàn cảnh giữa, quần áo của anh ta sẽ được chọn chủ yếu để thoải mái.",if he is in middle circumstances his clothes will be chosen chiefly for comfort .
Tôi thực sự ước tôi không phải nói với bạn điều này.,i really wish i did not have to tell you this .
Tom đang sống trong một căn hộ nhỏ trên đường Park.,tom is living in a small apartment on park street .
Tại sao bạn bị ướt?Tôi rơi xuống nước.,why are you wet ? i fell in the water .
Tôi không mong đợi được yêu cầu phát biểu.,i did not expect to be asked to give a speech .
Tom đã bị đánh cắp ví khi anh ta ở Boston.,tom had his wallet stolen while he was in boston .
Tôi giữ một nguồn cung cấp tốt để lưu các chuyến đi đến bưu điện.,i keep a good supply of stamps to save trips to the post office .
Mọi người làm việc cho chúng tôi kiếm được nhiều hơn mức lương tối thiểu.,everyone working for us earns more than the minimum wage .
Anh ấy đã làm hết sức mình và vẫn có điểm kém.,he did his best and still had poor marks .
Tom nghĩ rằng anh ta có thể thành công nơi những người khác đã thất bại.,tom thinks he can succeed where others have failed .
Màu xanh của đôi mắt cô nổi bật với làn da khá tối của cô.,the blue of her eyes stands out against her rather dark skin .
